email,firstname,lastname,name
aaronmitchell@yahoo.ca,Aaron,Mitchell,Rock
alero@uol.com.br,Alexandre,Rocha,Rock
astrid.gruber@apple.at,Astrid,Gruber,Rock
bjorn.hansen@yahoo.no,Bj�rn,Hansen,Rock
camille.bernard@yahoo.fr,Camille,Bernard,Rock
daan_peeters@apple.be,Daan,Peeters,Rock
dmiller@comcast.com,Dan,Miller,Rock
diego.gutierrez@yahoo.ar,Diego,Guti�rrez,Rock
dominiquelefebvre@gmail.com,Dominique,Lefebvre,Rock
eduardo@woodstock.com.br,Eduardo,Martins,Rock
edfrancis@yachoo.ca,Edward,Francis,Rock
ellie.sullivan@shaw.ca,Ellie,Sullivan,Rock
emma_jones@hotmail.com,Emma,Jones,Rock
enrique_munoz@yahoo.es,Enrique,Mu�oz,Rock
fernadaramos4@uol.com.br,Fernanda,Ramos,Rock
fharris@google.com,Frank,Harris,Rock
fralston@gmail.com,Frank,Ralston,Rock
ftremblay@gmail.com,Fran�ois,Tremblay,Rock
frantisekw@jetbrains.com,Franti�ek,Wichterlov�,Rock
fzimmermann@yahoo.de,Fynn,Zimmermann,Rock
hannah.schneider@yahoo.de,Hannah,Schneider,Rock
hleacock@gmail.com,Heather,Leacock,Rock
hholy@gmail.com,Helena,Hol�,Rock
hughoreilly@apple.ie,Hugh,O'Reilly,Rock
isabelle_mercier@apple.fr,Isabelle,Mercier,Rock
jacksmith@microsoft.com,Jack,Smith,Rock
jenniferp@rogers.ca,Jennifer,Peterson,Rock
joakim.johansson@yahoo.se,Joakim,Johansson,Rock
johavanderberg@yahoo.nl,Johannes,Van der Berg,Rock
johngordon22@yahoo.com,John,Gordon,Rock
jfernandes@yahoo.pt,Jo�o,Fernandes,Rock
jubarnett@gmail.com,Julia,Barnett,Rock
kara.nielsen@jubii.dk,Kara,Nielsen,Rock
kachase@hotmail.com,Kathy,Chase,Rock
ladislav_kovacs@apple.hu,Ladislav,Kov�cs,Rock
leonekohler@surfeu.de,Leonie,K�hler,Rock
lucas.mancini@yahoo.it,Lucas,Mancini,Rock
luisrojas@yahoo.cl,Luis,Rojas,Rock
luisg@embraer.com.br,Lu�s,Gon�alves,Rock
masampaio@sapo.pt,Madalena,Sampaio,Rock
manoj.pareek@rediff.com,Manoj,Pareek,Rock
marc.dubois@hotmail.com,Marc,Dubois,Rock
mark.taylor@yahoo.au,Mark,Taylor,Rock
mphilips12@shaw.ca,Mark,Philips,Rock
marthasilk@gmail.com,Martha,Silk,Rock
michelleb@aol.com,Michelle,Brooks,Rock
nschroder@surfeu.de,Niklas,Schr�der,Rock
patrick.gray@aol.com,Patrick,Gray,Rock
phil.hughes@gmail.com,Phil,Hughes,Rock
puja_srivastava@yahoo.in,Puja,Srivastava,Rock
ricunningham@hotmail.com,Richard,Cunningham,Rock
robbrown@shaw.ca,Robert,Brown,Rock
roberto.almeida@riotur.gov.br,Roberto,Almeida,Rock
stanislaw.w�jcik@wp.pl,Stanislaw,W�jcik,Rock
steve.murray@yahoo.uk,Steve,Murray,Rock
terhi.hamalainen@apple.fi,Terhi,H�m�l�inen,Rock
tgoyer@apple.com,Tim,Goyer,Rock
vstevens@yahoo.com,Victor,Stevens,Rock
wyatt.girard@yahoo.fr,Wyatt,Girard,Rock
